[
    {
        "date": "Aug-10-20",
        "second": "Reiterated",
        "third": "Wedbush",
        "fourth": "Outperform",
        "fifth": "$475 â†’ $515"
    },
    {
        "date": "Aug-05-20",
        "second": "Downgrade",
        "third": "BofA Securities",
        "fourth": "Buy â†’ Neutral",
        "fifth": "$420 â†’ $470"
    },
    {
        "date": "Jul-31-20",
        "second": "Reiterated",
        "third": "Wedbush",
        "fourth": "Outperform",
        "fifth": "$450 â†’ $475"
    },
    {
        "date": "Jul-31-20",
        "second": "Reiterated",
        "third": "UBS",
        "fourth": "Buy",
        "fifth": "$400 â†’ $425"
    },
    {
        "date": "Jul-31-20",
        "second": "Reiterated",
        "third": "RBC Capital Mkts",
        "fourth": "Outperform",
        "fifth": "$390 â†’ $445"
    },
    {
        "date": "Jul-31-20",
        "second": "Reiterated",
        "third": "Oppenheimer",
        "fourth": "Outperform",
        "fifth": "$320 â†’ $420"
    },
    {
        "date": "Jul-31-20",
        "second": "Reiterated",
        "third": "Morgan Stanley",
        "fourth": "Overweight",
        "fifth": "$419 â†’ $431"
    },
    {
        "date": "Jul-31-20",
        "second": "Reiterated",
        "third": "Monness Crespi & Hardt",
        "fourth": "Buy",
        "fifth": "$370 â†’ $470"
    },
    {
        "date": "Jul-31-20",
        "second": "Reiterated",
        "third": "Credit Suisse",
        "fourth": "Neutral",
        "fifth": "$340 â†’ $380"
    },
    {
        "date": "Jul-31-20",
        "second": "Reiterated",
        "third": "Cowen",
        "fourth": "Outperform",
        "fifth": "$400 â†’ $470"
    },
    {
        "date": "Jul-31-20",
        "second": "Reiterated",
        "third": "Citigroup",
        "fourth": "Buy",
        "fifth": "$400 â†’ $450"
    },
    {
        "date": "Jul-31-20",
        "second": "Reiterated",
        "third": "Canaccord Genuity",
        "fourth": "Buy",
        "fifth": "$444 â†’ $460"
    },
    {
        "date": "Jul-31-20",
        "second": "Reiterated",
        "third": "BofA Securities",
        "fourth": "Buy",
        "fifth": "$410 â†’ $420"
    },
    {
        "date": "Jul-31-20",
        "second": "Reiterated",
        "third": "Bernstein",
        "fourth": "Mkt Perform",
        "fifth": "$370 â†’ $400"
    },
    {
        "date": "Jul-31-20",
        "second": "Reiterated",
        "third": "Barclays",
        "fourth": "Equal Weight",
        "fifth": "$326 â†’ $400"
    },
    {
        "date": "Jul-29-20",
        "second": "Reiterated",
        "third": "Credit Suisse",
        "fourth": "Neutral",
        "fifth": "$295 â†’ $340"
    },
    {
        "date": "Jul-27-20",
        "second": "Reiterated",
        "third": "JP Morgan",
        "fourth": "Overweight",
        "fifth": "$365 â†’ $425"
    },
    {
        "date": "Jul-24-20",
        "second": "Initiated",
        "third": "Wolfe Research",
        "fourth": "Underperform",
        "fifth": ""
    },
    {
        "date": "Jul-16-20",
        "second": "Reiterated",
        "third": "Canaccord Genuity",
        "fourth": "Buy",
        "fifth": "$310 â†’ $444"
    },
    {
        "date": "Jul-15-20",
        "second": "Reiterated",
        "third": "Needham",
        "fourth": "Buy",
        "fifth": "$350 â†’ $450"
    }
]