[
	{
		"Index": "DJIA S&P500",
		"date": "19-08-2020"
	},
	{
		"P/E": "35.13",
		"date": "19-08-2020"
	},
	{
		"EPS (ttm)": "13.16",
		"date": "19-08-2020"
	},
	{
		"Insider Own": "0.07%",
		"date": "19-08-2020"
	},
	{
		"Shs Outstand": "4.31B",
		"date": "19-08-2020"
	},
	{
		"Perf Week": "5.66%",
		"date": "19-08-2020"
	},
	{
		"Market Cap": "1978.18B",
		"date": "19-08-2020"
	},
	{
		"Forward P/E": "29.74",
		"date": "19-08-2020"
	},
	{
		"EPS next Y": "15.55",
		"date": "19-08-2020"
	},
	{
		"Insider Trans": "-3.28%",
		"date": "19-08-2020"
	},
	{
		"Shs Float": "4.27B",
		"date": "19-08-2020"
	},
	{
		"Perf Month": "17.49%",
		"date": "19-08-2020"
	},
	{
		"Income": "58.42B",
		"date": "19-08-2020"
	},
	{
		"PEG": "2.82",
		"date": "19-08-2020"
	},
	{
		"EPS next Q": "2.84",
		"date": "19-08-2020"
	},
	{
		"Inst Own": "62.50%",
		"date": "19-08-2020"
	},
	{
		"Short Float": "0.62%",
		"date": "19-08-2020"
	},
	{
		"Perf Quarter": "47.62%",
		"date": "19-08-2020"
	},
	{
		"Sales": "273.86B",
		"date": "19-08-2020"
	},
	{
		"P/S": "7.22",
		"date": "19-08-2020"
	},
	{
		"EPS this Y": "-2.60%",
		"date": "19-08-2020"
	},
	{
		"Inst Trans": "-0.55%",
		"date": "19-08-2020"
	},
	{
		"Short Ratio": "0.72",
		"date": "19-08-2020"
	},
	{
		"Perf Half Y": "42.84%",
		"date": "19-08-2020"
	},
	{
		"Book/sh": "16.76",
		"date": "19-08-2020"
	},
	{
		"P/B": "27.58",
		"date": "19-08-2020"
	},
	{
		"EPS next Y": "19.60%",
		"date": "19-08-2020"
	},
	{
		"ROA": "17.70%",
		"date": "19-08-2020"
	},
	{
		"Target Price": "425.17",
		"date": "19-08-2020"
	},
	{
		"Perf Year": "119.75%",
		"date": "19-08-2020"
	},
	{
		"Cash/sh": "21.74",
		"date": "19-08-2020"
	},
	{
		"P/C": "21.26",
		"date": "19-08-2020"
	},
	{
		"EPS next 5Y": "12.46%",
		"date": "19-08-2020"
	},
	{
		"ROE": "70.70%",
		"date": "19-08-2020"
	},
	{
		"52W Range": "201.00 - 464.35",
		"date": "19-08-2020"
	},
	{
		"Perf YTD": "57.42%",
		"date": "19-08-2020"
	},
	{
		"Dividend": "3.28",
		"date": "19-08-2020"
	},
	{
		"P/FCF": "34.31",
		"date": "19-08-2020"
	},
	{
		"EPS past 5Y": "13.00%",
		"date": "19-08-2020"
	},
	{
		"ROI": "26.90%",
		"date": "19-08-2020"
	},
	{
		"52W High": "-0.45%",
		"date": "19-08-2020"
	},
	{
		"Beta": "1.23",
		"date": "19-08-2020"
	},
	{
		"Dividend %": "0.71%",
		"date": "19-08-2020"
	},
	{
		"Quick Ratio": "1.40",
		"date": "19-08-2020"
	},
	{
		"Sales past 5Y": "7.30%",
		"date": "19-08-2020"
	},
	{
		"Gross Margin": "38.20%",
		"date": "19-08-2020"
	},
	{
		"52W Low": "129.98%",
		"date": "19-08-2020"
	},
	{
		"ATR": "12.28",
		"date": "19-08-2020"
	},
	{
		"Employees": "137000",
		"date": "19-08-2020"
	},
	{
		"Current Ratio": "1.50",
		"date": "19-08-2020"
	},
	{
		"Sales Q/Q": "10.90%",
		"date": "19-08-2020"
	},
	{
		"Oper. Margin": "24.50%",
		"date": "19-08-2020"
	},
	{
		"RSI (14)": "71.71",
		"date": "19-08-2020"
	},
	{
		"Volatility": "1.98% 2.73%",
		"date": "19-08-2020"
	},
	{
		"Optionable": "Yes",
		"date": "19-08-2020"
	},
	{
		"Debt/Eq": "1.57",
		"date": "19-08-2020"
	},
	{
		"EPS Q/Q": "18.40%",
		"date": "19-08-2020"
	},
	{
		"Profit Margin": "21.30%",
		"date": "19-08-2020"
	},
	{
		"Rel Volume": "0.72",
		"date": "19-08-2020"
	},
	{
		"Prev Close": "458.43",
		"date": "19-08-2020"
	},
	{
		"Shortable": "Yes",
		"date": "19-08-2020"
	},
	{
		"LT Debt/Eq": "1.31",
		"date": "19-08-2020"
	},
	{
		"Earnings": "Jul 30 AMC",
		"date": "19-08-2020"
	},
	{
		"Payout": "23.60%",
		"date": "19-08-2020"
	},
	{
		"Avg Volume": "36.56M",
		"date": "19-08-2020"
	},
	{
		"Price": "462.25",
		"date": "19-08-2020"
	},
	{
		"Recom": "2.20",
		"date": "19-08-2020"
	},
	{
		"SMA20": "10.13%",
		"date": "19-08-2020"
	},
	{
		"SMA50": "19.59%",
		"date": "19-08-2020"
	},
	{
		"SMA200": "48.12%",
		"date": "19-08-2020"
	},
	{
		"Volume": "26,
		408,
		384", "date": "19-08-2020"
	},
	{
		"Change": "0.83%",
		"date": "19-08-2020"
	}
]